<?xml version="1.0" encoding="UTF-8"?>
<project-private xmlns="http://www.netbeans.org/ns/project-private/1">
    <editor-bookmarks xmlns="http://www.netbeans.org/ns/editor-bookmarks/2" lastBookmarkId="0"/>
    <open-files xmlns="http://www.netbeans.org/ns/projectui-open-files/2">
        <group>
            <file>file:/C:/Users/Usuario%20iTC/OneDrive/Documentos/NetBeansP/POO1/src/poo1/POO1.java</file>
            <file>file:/C:/Users/Usuario%20iTC/OneDrive/Documentos/NetBeansP/POO1/src/poo1/Empleado.java</file>
            <file>file:/C:/Users/Usuario%20iTC/OneDrive/Documentos/NetBeansP/POO1/src/poo1/Gerente.java</file>
            <file>file:/C:/Users/Usuario%20iTC/OneDrive/Documentos/NetBeansP/POO1/src/poo1/Desarrollador.java</file>
            <file>file:/C:/Users/Usuario%20iTC/OneDrive/Documentos/NetBeansP/POO1/src/poo1/BaseDeDatos.java</file>
        </group>
    </open-files>
</project-private>
