<?xml version="1.0" encoding="UTF-8"?>
<project-private xmlns="http://www.netbeans.org/ns/project-private/1">
    <editor-bookmarks xmlns="http://www.netbeans.org/ns/editor-bookmarks/2" lastBookmarkId="0"/>
    <open-files xmlns="http://www.netbeans.org/ns/projectui-open-files/2">
        <group>
            <file>file:/C:/Users/Usuario%20iTC/OneDrive/Documentos/NetBeansP/Herencia/src/herencia/Cuenta.java</file>
            <file>file:/C:/Users/Usuario%20iTC/OneDrive/Documentos/NetBeansP/Herencia/src/herencia/CtaAhorro.java</file>
            <file>file:/C:/Users/Usuario%20iTC/OneDrive/Documentos/NetBeansP/Herencia/src/herencia/Main.java</file>
            <file>file:/C:/Users/Usuario%20iTC/OneDrive/Documentos/NetBeansP/Herencia/src/herencia/CtaCorriente.java</file>
        </group>
    </open-files>
</project-private>
